pop_size,cxpb,mutpb,n_gen,best_fitness
50,0.5,0.2,20,-8.632455532033676
100,0.7,0.1,30,-10.6
200,0.9,0.05,40,-10.959591794226544
